ID_image;Image_name
1;image_1.webp
2;image_10.webp
3;image_11.webp
4;image_12.webp
5;image_13.webp
6;image_14.webp
7;image_15.webp
8;image_16.webp
9;image_17.webp
10;image_18.webp
11;image_19.webp
12;image_2.webp
13;image_20.webp
14;image_21.webp
15;image_22.webp
16;image_23.webp
17;image_24.webp
18;image_25.webp
19;image_26.webp
20;image_27.webp
21;image_28.webp
22;image_29.webp
23;image_3.webp
24;image_30.webp
25;image_31.webp
26;image_32.webp
27;image_33.webp
28;image_34.webp
29;image_35.webp
30;image_36.webp
31;image_37.webp
32;image_38.webp
33;image_39.webp
34;image_4.webp
35;image_5.webp
36;image_6.webp
37;image_7.webp
38;image_8.webp
39;image_9.webp
